everydayinsurance.site,2025-05-14,Gmo Internet Group D/B/A Onamae,N/a,76.223.54.146,N/A,No Records,N/A
everest.cool,2025-05-16,Ovh,N/a,213.186.33.5,N/A,mx3.mail.ovh.net,N/A
everest.immo,2025-05-16,Ovh,N/a,213.186.33.5,N/A,mx3.mail.ovh.net,N/A
everest.marketing,2025-05-16,Sav Com - 20,N/a,52.20.84.62,N/A,No Records,10
specialtyinsurance.co,2025-05-22,Godaddy,N/a,3.33.130.190,N/A,specialtyinsurance-co.mail.protection.outlook.com,N/A
especialtyinsurance.com,2025-05-29,Southnames,United States,208.91.197.27,NS41.WORLDNIC.COM,No Records,10
everest.boutique,2025-05-30,Dynadot,N/a,64.190.63.222,N/A,No Records,N/A
everest.foundation,2025-05-30,Porkbun,N/a,64.190.63.222,N/A,No Records,N/A
everst.net,2025-05-30,Biglizarddomains,United States,103.224.212.210,ns16.abovedomains.com,park-mx.above.com,10
everest.inc,2025-06-03,Go Daddy,N/a,13.248.243.5,N/A,aspmx.l.google.com,N/A
everest.luxe,2025-05-16,Ovh,N/a,213.186.33.5,N/A,mx2.mail.ovh.net,N/A
easyspecialtyinsurance.org,2025-05-20,Spaceship,N/a,172.67.173.146,N/A,alt1.aspmx.l.google.com,N/A
elitespecialtyinsurance.org,2025-05-20,Spaceship,N/a,104.21.112.1,N/A,alt1.aspmx.l.google.com,N/A
geniusspecialtyinsure.org,2025-05-20,Spaceship,N/a,172.67.203.174,N/A,alt2.aspmx.l.google.com,N/A
everspecialtyinsure.com,2025-05-20,Porkbun,N/a,104.21.96.1,N/A,alt3.aspmx.l.google.com,N/A
flfoodandbeverageinsurance.org,2025-05-20,Namecheap,N/a,192.64.119.134,N/A,mx.zoho.com,N/A
nextspecialtyinsurance.org,2025-05-20,Spaceship,N/a,104.21.96.1,N/A,aspmx.l.google.com,N/A
myspecialtyinsurance.org,2025-05-20,Spaceship,N/a,104.21.48.1,N/A,alt1.aspmx.l.google.com,N/A
perfectspecialtyinsure.org,2025-05-20,Spaceship,N/a,104.21.96.1,N/A,alt1.aspmx.l.google.com,N/A
happyspecialtyinsurance.org,2025-05-20,Spaceship,N/a,104.21.58.5,N/A,alt4.aspmx.l.google.com,N/A
perfectspecialtyinsurance.org,2025-05-20,Spaceship,N/a,172.67.136.40,N/A,alt4.aspmx.l.google.com,N/A
flfoodandbeverageinsurance.info,2025-05-20,Namecheap,N/a,162.255.119.181,N/A,mx2.zoho.com,N/A
everest.security,2025-05-20,Namecheap,N/a,192.64.119.71,N/A,eforward5.registrar-servers.com,N/A
smartspecialtyinsure.com,2025-05-20,Porkbun,N/a,172.67.170.161,N/A,alt3.aspmx.l.google.com,N/A
powerspecialtyinsure.com,2025-05-20,Porkbun,N/a,104.21.50.42,N/A,alt3.aspmx.l.google.com,N/A
ultraspecialtyinsurance.com,2025-05-20,Porkbun,N/a,104.21.14.139,N/A,alt3.aspmx.l.google.com,N/A
megaspecialtyinsurance.com,2025-05-20,Porkbun,N/a,172.67.138.229,N/A,alt1.aspmx.l.google.com,N/A
clickspecialtyinsure.com,2025-05-20,Porkbun,N/a,172.67.200.42,N/A,alt3.aspmx.l.google.com,N/A
geniusspecialtyinsurance.com,2025-05-20,Porkbun,N/a,172.67.213.234,N/A,alt2.aspmx.l.google.com,N/A
everchangeinsurance.com,2025-05-20,Godaddy,N/a,76.223.105.230,N/A,mx1-usg1.ppe-hosted.com,N/A
teamspecialtyinsurance.com,2025-05-20,Porkbun,N/a,104.21.23.124,N/A,alt2.aspmx.l.google.com,N/A
purespecialtyinsurance.com,2025-05-20,Porkbun,N/a,104.21.55.186,N/A,alt4.aspmx.l.google.com,N/A
trendspecialtyinsure.com,N/A,N/A,N/a,104.21.57.78,N/A,alt4.aspmx.l.google.com,N/A
onlinespecialtyinsurance.com,2025-05-20,Porkbun,N/a,172.67.161.4,N/A,alt4.aspmx.l.google.com,N/A
ultraspecialtyinsure.co,2025-05-20,Spaceship,N/a,104.21.52.175,N/A,alt4.aspmx.l.google.com,N/A
scalespecialtyinsurance.co,2025-05-20,Spaceship,N/a,172.67.169.142,N/A,alt1.aspmx.l.google.com,N/A
successspecialtyinsurance.co,2025-05-20,Spaceship,N/a,172.67.149.74,N/A,alt3.aspmx.l.google.com,N/A
topspecialtyinsure.co,2025-05-20,Spaceship,N/a,104.21.65.210,N/A,aspmx.l.google.com,N/A
meetspecialtyinsurance.co,2025-05-20,Spaceship,N/a,104.21.13.3,N/A,alt2.aspmx.l.google.com,N/A
powerspecialtyinsurance.co,2025-05-20,Spaceship,N/a,104.21.50.165,N/A,alt3.aspmx.l.google.com,N/A
superspecialtyinsure.co,2025-05-20,Spaceship,N/a,104.21.48.1,N/A,aspmx.l.google.com,N/A
eversoninsurance.com,2025-05-21,Godaddy,N/a,13.248.243.5,N/A,alt2.aspmx.l.google.com,N/A
eversteadinsurance.com,2025-05-22,Godaddy,N/a,76.223.105.230,N/A,alt3.aspmx.l.google.com,N/A
carlsbadspecialtyinsurance.com,2025-05-26,Godaddy,N/a,15.197.225.128,N/A,No Records,N/A
noctua-specialty-insurance.com,2025-05-28,Tucows,Netherlands,91.184.0.200,ns01.hostnet.nl,No Records,N/A
beverlyhillsinsurance.online,2025-05-30,Hostinger Operations,N/a,82.29.157.39,N/A,mx2.hostinger.com,10
evermile-insurance.com,2025-05-30,Godaddy,N/a,13.248.243.5,N/A,No Records,N/A
klevermindinsurance.com,N/A,N/A,N/a,162.0.229.103,N/A,No Records,N/A
insuranceverygoodde.com,2025-06-02,Cloudflare,"Taiwan, Province Of China",104.21.52.124,evan.ns.cloudflare.com,No Records,N/A
everlonglifeinsurance.com,2025-06-02,Namecheap,Iceland,192.64.119.224,dns1.registrar-servers.com,eforward1.registrar-servers.com,N/A
evertrustsinsurance.com,2025-06-03,NetworkSolutions,United States,208.91.197.27,NS1.DOMAIN.COM,No Records,10
forevercareinsurance.com,2025-06-03,Godaddy,N/a,3.33.130.190,N/A,No Records,N/A
trisuraspecialtyinsurance.com,2025-06-05,Gransy S R O D/B/A Subreg Cz,Netherlands,84.32.84.32,ns1.dns-parking.com,mx1.hostinger.com,N/A
rfkspecialtyinsurance.com,2025-06-05,NetworkSolutions,United States,206.188.192.250,NS77.WORLDNIC.COM,No Records,N/A
everyhealthinsurance.com,2011-03-31,Godaddy,N/a,N/A,N/A,No Records,N/A
everest.partners,2024-04-03,Namecheap,N/a,N/A,N/A,No Records,N/A
insurances4every.one,2024-04-25,One Com A/S,N/a,N/A,N/A,No Records,N/A
insurance4every.one,2024-04-25,One Com A/S,N/a,N/A,N/A,No Records,N/A
vehicleinsuranceverifier.com,2015-04-08,Godaddy,N/a,N/A,N/A,No Records,N/A
everettinsures.com,2024-04-09,NetworkSolutions,United States,N/A,NS1.PENDINGRENEWALDELETION.COM,No Records,N/A
everestevolutioninsurance.com,2024-04-16,Dynadot,N/a,N/A,N/A,No Records,N/A
everiinsurance.com,2023-07-06,Registrygate,N/a,N/A,N/A,No Records,N/A
insuranceforeverything.com,2024-04-13,Draftpick Domains,United States,N/A,ns1.interimnameserver.com,No Records,N/A
evershineinsurancesagency.xyz,2024-05-30,Dynadot,N/a,N/A,N/A,No Records,N/A
bhathawayspecialtyinsurance.com,2023-04-16,Namecheap,Iceland,N/A,dns1.namecheaphosting.com,No Records,N/A
insureveryone.com,2024-04-17,Pdr D/B/A Publicdomainregistry,India,N/A,N/A,No Records,N/A
neverfuckinsurrender.com,2024-05-31,Squarespace Domains,United States,N/A,ns-cloud-e4.googledomains.com,No Records,N/A
specialtyinsurancecenter.com,2024-04-23,Dynadot17,N/a,N/A,N/A,No Records,N/A
cleverinsurequote.com,2021-04-22,Godaddy,N/a,N/A,N/A,No Records,N/A
devereuxinsurance.com,2024-04-23,Godaddy,United States,N/A,NS1.NAMEDYNAMICS.NET,No Records,N/A
everqtinsurance.com,N/A,N/A,N/a,N/A,N/A,No Records,N/A
insureverquote.com,2023-04-24,Godaddy,N/a,N/A,N/A,No Records,N/A
pacificspecialtyinsurancecompany.com,2024-04-24,Godaddy,United States,N/A,NS55.DOMAINCONTROL.COM,No Records,N/A
everquotesinsur.com,2023-04-24,Godaddy,N/a,N/A,N/A,No Records,N/A
everquoteinsure.com,2023-04-24,Godaddy,N/a,N/A,N/A,No Records,N/A
xanadosr22insurancesolutionssevern.online,2024-04-26,Namecheap,N/a,N/A,N/A,No Records,N/A
woquosr22insurancesolutionssevernapark.online,2024-04-26,Namecheap,N/a,N/A,N/A,No Records,N/A
cleverinsurancepro.com,2023-06-06,Wix,N/a,N/A,N/A,No Records,N/A
